/* Categorias de Unidad */
INSERT INTO "public"."equipo_categoriaunidad" ("id_categoria", "nombre_categoria", "descripcion_categoria", "editable", "status_categoria", "created", "modified", "id_empresa_id", "uso_equipo") VALUES (9, 'Viscosidad', 'Unidades que miden la resistencia al movimiento de un fluido.', 'f', 't', '2021-03-17 03:05:20.583892+00', '2021-03-17 03:05:20.583892+00', 1, 't');
INSERT INTO "public"."equipo_categoriaunidad" ("id_categoria", "nombre_categoria", "descripcion_categoria", "editable", "status_categoria", "created", "modified", "id_empresa_id", "uso_equipo") VALUES (20, 'Concentración', 'Unidades para medir relación que hay entre la cantidad de soluto y la cantidad de disolución.', 'f', 't', '2021-03-17 03:05:20.630744+00', '2021-03-17 03:05:20.630744+00', 1, 't');
INSERT INTO "public"."equipo_categoriaunidad" ("id_categoria", "nombre_categoria", "descripcion_categoria", "editable", "status_categoria", "created", "modified", "id_empresa_id", "uso_equipo") VALUES (31, 'Moneda', 'Divisas', 'f', 't', '2021-03-17 03:05:20.661994+00', '2021-03-17 03:05:20.661994+00', 1, 't');
INSERT INTO "public"."equipo_categoriaunidad" ("id_categoria", "nombre_categoria", "descripcion_categoria", "editable", "status_categoria", "created", "modified", "id_empresa_id", "uso_equipo") VALUES (42, 'Periodo', 'Intervalo de tiempo.', 'f', 't', '2021-03-17 03:05:20.693242+00', '2021-03-17 03:05:20.693242+00', 1, 't');
INSERT INTO "public"."equipo_categoriaunidad" ("id_categoria", "nombre_categoria", "descripcion_categoria", "editable", "status_categoria", "created", "modified", "id_empresa_id", "uso_equipo") VALUES (53, 'Otros', '', 'f', 't', '2021-03-17 03:05:20.724487+00', '2021-03-17 03:05:20.724487+00', 1, 't');
INSERT INTO "public"."equipo_categoriaunidad" ("id_categoria", "nombre_categoria", "descripcion_categoria", "editable", "status_categoria", "created", "modified", "id_empresa_id", "uso_equipo") VALUES (64, 'Densidad', 'Magnitud escalar referida a la cantidad de masa en un determinado volumen de una sustancia o un objeto sólido.', 'f', 't', '2021-03-17 03:05:20.755743+00', '2021-03-17 03:05:20.755743+00', 1, 't');
INSERT INTO "public"."equipo_categoriaunidad" ("id_categoria", "nombre_categoria", "descripcion_categoria", "editable", "status_categoria", "created", "modified", "id_empresa_id", "uso_equipo") VALUES (75, 'Superficie', '', 'f', 't', '2021-03-17 03:05:20.787029+00', '2021-03-17 03:05:20.787029+00', 1, 't');
INSERT INTO "public"."equipo_categoriaunidad" ("id_categoria", "nombre_categoria", "descripcion_categoria", "editable", "status_categoria", "created", "modified", "id_empresa_id", "uso_equipo") VALUES (86, 'Tiempo', 'Magnitud física creada para medir el intervalo en el que suceden una serie ordenada de acontecimientos.', 'f', 't', '2021-03-17 03:05:20.818245+00', '2021-03-17 03:05:20.818245+00', 1, 't');
INSERT INTO "public"."equipo_categoriaunidad" ("id_categoria", "nombre_categoria", "descripcion_categoria", "editable", "status_categoria", "created", "modified", "id_empresa_id", "uso_equipo") VALUES (97, 'Temperatura', 'Magnitud física que expresa el grado o nivel de calor o frío de los cuerpos o del ambiente.', 'f', 't', '2021-03-17 03:05:20.865126+00', '2021-03-17 03:05:20.865126+00', 1, 't');
INSERT INTO "public"."equipo_categoriaunidad" ("id_categoria", "nombre_categoria", "descripcion_categoria", "editable", "status_categoria", "created", "modified", "id_empresa_id", "uso_equipo") VALUES (108, 'Potencia', 'Unidades de medida que corresponde a la potencia.', 'f', 't', '2021-03-17 03:05:20.896364+00', '2021-03-17 03:05:20.896364+00', 1, 't');
INSERT INTO "public"."equipo_categoriaunidad" ("id_categoria", "nombre_categoria", "descripcion_categoria", "editable", "status_categoria", "created", "modified", "id_empresa_id", "uso_equipo") VALUES (119, 'Presión', 'Medidas de magnitud que relaciona la fuerza aplicada a una superficie y el área de la misma.', 'f', 't', '2021-03-17 03:05:20.927625+00', '2021-03-17 03:05:20.927625+00', 1, 't');
INSERT INTO "public"."equipo_categoriaunidad" ("id_categoria", "nombre_categoria", "descripcion_categoria", "editable", "status_categoria", "created", "modified", "id_empresa_id", "uso_equipo") VALUES (130, 'Masa', 'Medida de la cantidad de materia contenida en un cuerpo.', 'f', 't', '2021-03-17 03:05:20.958887+00', '2021-03-17 03:05:20.958887+00', 1, 't');
INSERT INTO "public"."equipo_categoriaunidad" ("id_categoria", "nombre_categoria", "descripcion_categoria", "editable", "status_categoria", "created", "modified", "id_empresa_id", "uso_equipo") VALUES (141, 'Longitud', 'Cantidad estandarizada de longitud definida por convención.', 'f', 't', '2021-03-17 03:05:20.990154+00', '2021-03-17 03:05:20.990154+00', 1, 't');
INSERT INTO "public"."equipo_categoriaunidad" ("id_categoria", "nombre_categoria", "descripcion_categoria", "editable", "status_categoria", "created", "modified", "id_empresa_id", "uso_equipo") VALUES (152, 'Volumen', 'Unidades para medir el espacio ocupado por los objetos que tienen tres dimensiones.', 'f', 't', '2021-03-17 03:05:21.021395+00', '2021-03-17 03:05:21.021395+00', 1, 't');
INSERT INTO "public"."equipo_categoriaunidad" ("id_categoria", "nombre_categoria", "descripcion_categoria", "editable", "status_categoria", "created", "modified", "id_empresa_id", "uso_equipo") VALUES (256, 'Peso', 'Unidades para medir el peso de los materiales', 't', 't', '2022-01-26 17:37:15.866866+00', '2022-01-26 17:37:15.866866+00', 1, 't');
INSERT INTO "public"."equipo_categoriaunidad" ("id_categoria", "nombre_categoria", "descripcion_categoria", "editable", "status_categoria", "created", "modified", "id_empresa_id", "uso_equipo") VALUES (271, 'Propiedades Eléctricas', 'Elect', 't', 't', '2022-03-15 04:47:56.171696+00', '2022-03-15 04:47:56.171739+00', 1, 't');
SELECT MAX(id_categoria) FROM equipo_categoriaunidad;
SELECT setval('equipo_categoriaunidad_id_categoria', (SELECT MAX(id_categoria) FROM equipo_categoriaunidad), false);


/* Unidades */
INSERT INTO "public"."equipo_unidadequipo" ("id_unidad", "nombre_unidad", "abreviatura_unidad", "tipo_unidad", "equivalencia_unidad", "equivalencia_tiempo_unidad", "editable", "status_unidad", "created", "modified", "categoria_unidad_id", "id_empresa_id", "simbolo") VALUES (2, 'Kilometro', 'km', 'QT', '1.0000000000', NULL, 'f', 't', '2020-04-21 02:18:02.381024+00', '2021-09-25 17:42:47.582963+00', 141, 1, NULL);
INSERT INTO "public"."equipo_unidadequipo" ("id_unidad", "nombre_unidad", "abreviatura_unidad", "tipo_unidad", "equivalencia_unidad", "equivalencia_tiempo_unidad", "editable", "status_unidad", "created", "modified", "categoria_unidad_id", "id_empresa_id", "simbolo") VALUES (3, 'Hora', 'hrs', 'QT', '1.0000000000', NULL, 'f', 't', '2020-04-21 02:18:10.037265+00', '2021-09-25 17:44:52.407467+00', 86, 1, NULL);
INSERT INTO "public"."equipo_unidadequipo" ("id_unidad", "nombre_unidad", "abreviatura_unidad", "tipo_unidad", "equivalencia_unidad", "equivalencia_tiempo_unidad", "editable", "status_unidad", "created", "modified", "categoria_unidad_id", "id_empresa_id", "simbolo") VALUES (20, 'Día', 'día', 'PR', NULL, '1 day', 'f', 't', '2020-05-02 22:36:56.519256+00', '2021-09-25 17:45:48.63287+00', 42, 1, NULL);
INSERT INTO "public"."equipo_unidadequipo" ("id_unidad", "nombre_unidad", "abreviatura_unidad", "tipo_unidad", "equivalencia_unidad", "equivalencia_tiempo_unidad", "editable", "status_unidad", "created", "modified", "categoria_unidad_id", "id_empresa_id", "simbolo") VALUES (21, 'Mes', 'mes', 'PR', NULL, '30 days', 'f', 't', '2020-05-02 22:37:29.175552+00', '2021-09-25 17:46:21.182671+00', 42, 1, NULL);
INSERT INTO "public"."equipo_unidadequipo" ("id_unidad", "nombre_unidad", "abreviatura_unidad", "tipo_unidad", "equivalencia_unidad", "equivalencia_tiempo_unidad", "editable", "status_unidad", "created", "modified", "categoria_unidad_id", "id_empresa_id", "simbolo") VALUES (287, 'Euro', 'EUR', 'QT', NULL, NULL, 't', 't', '2021-07-08 18:42:56.688653+00', '2021-07-08 18:44:05.533387+00', 31, 1, NULL);
INSERT INTO "public"."equipo_unidadequipo" ("id_unidad", "nombre_unidad", "abreviatura_unidad", "tipo_unidad", "equivalencia_unidad", "equivalencia_tiempo_unidad", "editable", "status_unidad", "created", "modified", "categoria_unidad_id", "id_empresa_id", "simbolo") VALUES (288, 'Pulgada', 'Inch', 'QT', NULL, NULL, 't', 't', '2021-07-08 18:45:15.529503+00', '2021-07-08 18:45:15.529503+00', 141, 1, NULL);
INSERT INTO "public"."equipo_unidadequipo" ("id_unidad", "nombre_unidad", "abreviatura_unidad", "tipo_unidad", "equivalencia_unidad", "equivalencia_tiempo_unidad", "editable", "status_unidad", "created", "modified", "categoria_unidad_id", "id_empresa_id", "simbolo") VALUES (835, 'Metros', 'm', 'QT', NULL, NULL, 't', 't', '2022-01-26 17:31:54.952734+00', '2022-01-26 17:31:54.952734+00', 141, 1, NULL);
INSERT INTO "public"."equipo_unidadequipo" ("id_unidad", "nombre_unidad", "abreviatura_unidad", "tipo_unidad", "equivalencia_unidad", "equivalencia_tiempo_unidad", "editable", "status_unidad", "created", "modified", "categoria_unidad_id", "id_empresa_id", "simbolo") VALUES (836, 'Gramos', 'gr', 'QT', NULL, NULL, 't', 't', '2022-01-26 17:37:38.668565+00', '2022-01-26 17:37:38.668565+00', 256, 1, NULL);
INSERT INTO "public"."equipo_unidadequipo" ("id_unidad", "nombre_unidad", "abreviatura_unidad", "tipo_unidad", "equivalencia_unidad", "equivalencia_tiempo_unidad", "editable", "status_unidad", "created", "modified", "categoria_unidad_id", "id_empresa_id", "simbolo") VALUES (837, 'Kilogramo', 'kg', 'QT', NULL, NULL, 't', 't', '2022-01-26 17:37:53.836652+00', '2022-01-26 17:37:53.836652+00', 256, 1, NULL);
INSERT INTO "public"."equipo_unidadequipo" ("id_unidad", "nombre_unidad", "abreviatura_unidad", "tipo_unidad", "equivalencia_unidad", "equivalencia_tiempo_unidad", "editable", "status_unidad", "created", "modified", "categoria_unidad_id", "id_empresa_id", "simbolo") VALUES (838, 'Tonelada Corta', 'STon', 'QT', NULL, NULL, 't', 't', '2022-01-26 17:38:24.242879+00', '2022-01-26 17:38:24.242879+00', 256, 1, NULL);
INSERT INTO "public"."equipo_unidadequipo" ("id_unidad", "nombre_unidad", "abreviatura_unidad", "tipo_unidad", "equivalencia_unidad", "equivalencia_tiempo_unidad", "editable", "status_unidad", "created", "modified", "categoria_unidad_id", "id_empresa_id", "simbolo") VALUES (839, 'Tonelada metrica', 'MTon', 'QT', NULL, NULL, 't', 't', '2022-01-26 17:38:47.838028+00', '2022-01-26 17:38:47.838028+00', 256, 1, NULL);
INSERT INTO "public"."equipo_unidadequipo" ("id_unidad", "nombre_unidad", "abreviatura_unidad", "tipo_unidad", "equivalencia_unidad", "equivalencia_tiempo_unidad", "editable", "status_unidad", "created", "modified", "categoria_unidad_id", "id_empresa_id", "simbolo") VALUES (840, 'Onza', 'oz', 'QT', NULL, NULL, 't', 't', '2022-01-26 17:39:04.977656+00', '2022-01-26 17:39:04.977656+00', 256, 1, NULL);
INSERT INTO "public"."equipo_unidadequipo" ("id_unidad", "nombre_unidad", "abreviatura_unidad", "tipo_unidad", "equivalencia_unidad", "equivalencia_tiempo_unidad", "editable", "status_unidad", "created", "modified", "categoria_unidad_id", "id_empresa_id", "simbolo") VALUES (841, 'Libra', 'lb', 'QT', NULL, NULL, 't', 't', '2022-01-26 17:39:15.622224+00', '2022-01-26 17:39:15.622224+00', 256, 1, NULL);
INSERT INTO "public"."equipo_unidadequipo" ("id_unidad", "nombre_unidad", "abreviatura_unidad", "tipo_unidad", "equivalencia_unidad", "equivalencia_tiempo_unidad", "editable", "status_unidad", "created", "modified", "categoria_unidad_id", "id_empresa_id", "simbolo") VALUES (932, 'Potencia', 'KW', 'QT', NULL, NULL, 't', 't', '2022-03-15 03:47:32.254501+00', '2022-03-15 03:47:32.254581+00', 108, 1, NULL);
INSERT INTO "public"."equipo_unidadequipo" ("id_unidad", "nombre_unidad", "abreviatura_unidad", "tipo_unidad", "equivalencia_unidad", "equivalencia_tiempo_unidad", "editable", "status_unidad", "created", "modified", "categoria_unidad_id", "id_empresa_id", "simbolo") VALUES (933, 'Energía Activa', 'KW/H', 'QT', NULL, NULL, 't', 't', '2022-03-15 03:48:36.421112+00', '2022-03-15 03:48:36.421157+00', 108, 1, NULL);
INSERT INTO "public"."equipo_unidadequipo" ("id_unidad", "nombre_unidad", "abreviatura_unidad", "tipo_unidad", "equivalencia_unidad", "equivalencia_tiempo_unidad", "editable", "status_unidad", "created", "modified", "categoria_unidad_id", "id_empresa_id", "simbolo") VALUES (934, 'Energía Reactiva', 'KVAR/H', 'QT', NULL, NULL, 't', 't', '2022-03-15 03:50:07.928533+00', '2022-03-15 03:50:07.9286+00', 108, 1, NULL);
INSERT INTO "public"."equipo_unidadequipo" ("id_unidad", "nombre_unidad", "abreviatura_unidad", "tipo_unidad", "equivalencia_unidad", "equivalencia_tiempo_unidad", "editable", "status_unidad", "created", "modified", "categoria_unidad_id", "id_empresa_id", "simbolo") VALUES (935, 'Partes por millón', 'ppm', 'QT', NULL, NULL, 't', 't', '2022-03-15 04:40:13.649945+00', '2022-03-15 04:40:13.649994+00', 64, 1, NULL);
INSERT INTO "public"."equipo_unidadequipo" ("id_unidad", "nombre_unidad", "abreviatura_unidad", "tipo_unidad", "equivalencia_unidad", "equivalencia_tiempo_unidad", "editable", "status_unidad", "created", "modified", "categoria_unidad_id", "id_empresa_id", "simbolo") VALUES (936, 'Gramos por litro', 'gr/l', 'QT', NULL, NULL, 't', 't', '2022-03-15 04:40:56.246682+00', '2022-03-15 04:41:19.972804+00', 64, 1, NULL);
INSERT INTO "public"."equipo_unidadequipo" ("id_unidad", "nombre_unidad", "abreviatura_unidad", "tipo_unidad", "equivalencia_unidad", "equivalencia_tiempo_unidad", "editable", "status_unidad", "created", "modified", "categoria_unidad_id", "id_empresa_id", "simbolo") VALUES (937, 'Libras por pulgada cuadarada', 'psi', 'QT', NULL, NULL, 't', 't', '2022-03-15 04:42:33.033948+00', '2022-03-15 04:42:33.033996+00', 119, 1, NULL);
INSERT INTO "public"."equipo_unidadequipo" ("id_unidad", "nombre_unidad", "abreviatura_unidad", "tipo_unidad", "equivalencia_unidad", "equivalencia_tiempo_unidad", "editable", "status_unidad", "created", "modified", "categoria_unidad_id", "id_empresa_id", "simbolo") VALUES (938, 'Kilogramos por centímetro cuadrado', 'Kgr/cm2', 'QT', NULL, NULL, 't', 't', '2022-03-15 04:43:29.832967+00', '2022-03-15 04:43:29.833013+00', 119, 1, NULL);
INSERT INTO "public"."equipo_unidadequipo" ("id_unidad", "nombre_unidad", "abreviatura_unidad", "tipo_unidad", "equivalencia_unidad", "equivalencia_tiempo_unidad", "editable", "status_unidad", "created", "modified", "categoria_unidad_id", "id_empresa_id", "simbolo") VALUES (939, 'Atmosferas', 'Atm', 'QT', NULL, NULL, 't', 't', '2022-03-15 04:43:57.169869+00', '2022-03-15 04:43:57.169916+00', 119, 1, NULL);
INSERT INTO "public"."equipo_unidadequipo" ("id_unidad", "nombre_unidad", "abreviatura_unidad", "tipo_unidad", "equivalencia_unidad", "equivalencia_tiempo_unidad", "editable", "status_unidad", "created", "modified", "categoria_unidad_id", "id_empresa_id", "simbolo") VALUES (940, 'Grados Centrigados o Celsius', '°C', 'QT', NULL, NULL, 't', 't', '2022-03-15 04:45:19.430555+00', '2022-03-15 04:45:19.430601+00', 97, 1, NULL);
INSERT INTO "public"."equipo_unidadequipo" ("id_unidad", "nombre_unidad", "abreviatura_unidad", "tipo_unidad", "equivalencia_unidad", "equivalencia_tiempo_unidad", "editable", "status_unidad", "created", "modified", "categoria_unidad_id", "id_empresa_id", "simbolo") VALUES (941, 'Grados Fahrenheit', '°F', 'QT', NULL, NULL, 't', 't', '2022-03-15 04:46:44.954626+00', '2022-03-15 04:46:44.954709+00', 97, 1, NULL);
INSERT INTO "public"."equipo_unidadequipo" ("id_unidad", "nombre_unidad", "abreviatura_unidad", "tipo_unidad", "equivalencia_unidad", "equivalencia_tiempo_unidad", "editable", "status_unidad", "created", "modified", "categoria_unidad_id", "id_empresa_id", "simbolo") VALUES (942, 'Voltaje', 'V', 'QT', NULL, NULL, 't', 't', '2022-03-15 04:48:48.554621+00', '2022-03-15 04:48:48.554658+00', 271, 1, NULL);
INSERT INTO "public"."equipo_unidadequipo" ("id_unidad", "nombre_unidad", "abreviatura_unidad", "tipo_unidad", "equivalencia_unidad", "equivalencia_tiempo_unidad", "editable", "status_unidad", "created", "modified", "categoria_unidad_id", "id_empresa_id", "simbolo") VALUES (943, 'Corriente', 'Amp', 'QT', NULL, NULL, 't', 't', '2022-03-15 04:49:08.230675+00', '2022-03-15 04:49:08.230721+00', 271, 1, NULL);
INSERT INTO "public"."equipo_unidadequipo" ("id_unidad", "nombre_unidad", "abreviatura_unidad", "tipo_unidad", "equivalencia_unidad", "equivalencia_tiempo_unidad", "editable", "status_unidad", "created", "modified", "categoria_unidad_id", "id_empresa_id", "simbolo") VALUES (944, 'Resistencia', 'Ohms', 'QT', NULL, NULL, 't', 't', '2022-03-15 04:49:28.674257+00', '2022-03-15 04:49:28.674298+00', 271, 1, NULL);
INSERT INTO "public"."equipo_unidadequipo" ("id_unidad", "nombre_unidad", "abreviatura_unidad", "tipo_unidad", "equivalencia_unidad", "equivalencia_tiempo_unidad", "editable", "status_unidad", "created", "modified", "categoria_unidad_id", "id_empresa_id", "simbolo") VALUES (945, 'Impedancia', 'Imp', 'QT', NULL, NULL, 't', 't', '2022-03-15 04:50:02.366722+00', '2022-03-15 04:50:02.36678+00', 271, 1, NULL);
INSERT INTO "public"."equipo_unidadequipo" ("id_unidad", "nombre_unidad", "abreviatura_unidad", "tipo_unidad", "equivalencia_unidad", "equivalencia_tiempo_unidad", "editable", "status_unidad", "created", "modified", "categoria_unidad_id", "id_empresa_id", "simbolo") VALUES (1036, 'Litro', 'l', 'QT', NULL, NULL, 't', 't', '2022-05-30 17:43:59.621275+00', '2022-05-30 17:43:59.621323+00', 152, 1, NULL);
INSERT INTO "public"."equipo_unidadequipo" ("id_unidad", "nombre_unidad", "abreviatura_unidad", "tipo_unidad", "equivalencia_unidad", "equivalencia_tiempo_unidad", "editable", "status_unidad", "created", "modified", "categoria_unidad_id", "id_empresa_id", "simbolo") VALUES (1294, 'Pieza', 'Pza', 'QT', NULL, NULL, 't', 't', '2022-10-30 18:08:22.205202+00', '2022-10-30 18:08:22.205262+00', 53, 1, NULL);
INSERT INTO "public"."equipo_unidadequipo" ("id_unidad", "nombre_unidad", "abreviatura_unidad", "tipo_unidad", "equivalencia_unidad", "equivalencia_tiempo_unidad", "editable", "status_unidad", "created", "modified", "categoria_unidad_id", "id_empresa_id", "simbolo") VALUES (1295, 'Lote', 'Lote', 'QT', NULL, NULL, 't', 't', '2022-10-30 18:08:50.451076+00', '2022-10-30 18:08:50.451139+00', 53, 1, NULL);
INSERT INTO "public"."equipo_unidadequipo" ("id_unidad", "nombre_unidad", "abreviatura_unidad", "tipo_unidad", "equivalencia_unidad", "equivalencia_tiempo_unidad", "editable", "status_unidad", "created", "modified", "categoria_unidad_id", "id_empresa_id", "simbolo") VALUES (1679, 'Caja o Carton', 'Caja', 'QT', NULL, NULL, 't', 't', '2024-03-29 17:29:19.84436+00', '2024-03-29 17:29:19.844397+00', 53, 1, NULL);
INSERT INTO "public"."equipo_unidadequipo" ("id_unidad", "nombre_unidad", "abreviatura_unidad", "tipo_unidad", "equivalencia_unidad", "equivalencia_tiempo_unidad", "editable", "status_unidad", "created", "modified", "categoria_unidad_id", "id_empresa_id", "simbolo") VALUES (1680, 'Carpeta', 'Carpeta', 'QT', NULL, NULL, 't', 't', '2024-03-29 17:30:29.901089+00', '2024-03-29 17:30:29.901125+00', 53, 1, NULL);
INSERT INTO "public"."equipo_unidadequipo" ("id_unidad", "nombre_unidad", "abreviatura_unidad", "tipo_unidad", "equivalencia_unidad", "equivalencia_tiempo_unidad", "editable", "status_unidad", "created", "modified", "categoria_unidad_id", "id_empresa_id", "simbolo") VALUES (1, 'Peso Mexicano', 'MX$', 'QT', NULL, NULL, 't', 't', '2024-08-13 06:40:23.154104+00', '2024-08-13 06:40:23.154135+00', 31, 1, 'Mx$');
INSERT INTO "public"."equipo_unidadequipo" ("id_unidad", "nombre_unidad", "abreviatura_unidad", "tipo_unidad", "equivalencia_unidad", "equivalencia_tiempo_unidad", "editable", "status_unidad", "created", "modified", "categoria_unidad_id", "id_empresa_id", "simbolo") VALUES (4, 'Porcentaje en Volumen', '% V/V', 'QT', NULL, NULL, 't', 't', '2024-08-14 04:50:47.110948+00', '2024-08-14 04:50:47.110979+00', 20, 1, NULL);
INSERT INTO "public"."equipo_unidadequipo" ("id_unidad", "nombre_unidad", "abreviatura_unidad", "tipo_unidad", "equivalencia_unidad", "equivalencia_tiempo_unidad", "editable", "status_unidad", "created", "modified", "categoria_unidad_id", "id_empresa_id", "simbolo") VALUES (5, 'Gramos por Litro', 'Gr/l', 'QT', NULL, NULL, 't', 't', '2024-08-14 04:51:23.396494+00', '2024-08-14 04:51:23.396535+00', 20, 1, NULL);
INSERT INTO "public"."equipo_unidadequipo" ("id_unidad", "nombre_unidad", "abreviatura_unidad", "tipo_unidad", "equivalencia_unidad", "equivalencia_tiempo_unidad", "editable", "status_unidad", "created", "modified", "categoria_unidad_id", "id_empresa_id", "simbolo") VALUES (6, 'Miligramos por militro', 'mg/ml', 'QT', NULL, NULL, 't', 't', '2024-08-14 04:51:49.733686+00', '2024-08-14 04:51:49.733724+00', 20, 1, NULL);
INSERT INTO "public"."equipo_unidadequipo" ("id_unidad", "nombre_unidad", "abreviatura_unidad", "tipo_unidad", "equivalencia_unidad", "equivalencia_tiempo_unidad", "editable", "status_unidad", "created", "modified", "categoria_unidad_id", "id_empresa_id", "simbolo") VALUES (7, 'Porcentaje en Peso', '% W', 'QT', NULL, NULL, 't', 't', '2024-08-14 04:52:26.683707+00', '2024-08-14 04:52:26.683747+00', 20, 1, NULL);
INSERT INTO "public"."equipo_unidadequipo" ("id_unidad", "nombre_unidad", "abreviatura_unidad", "tipo_unidad", "equivalencia_unidad", "equivalencia_tiempo_unidad", "editable", "status_unidad", "created", "modified", "categoria_unidad_id", "id_empresa_id", "simbolo") VALUES (8, 'Peso en Kilos', 'Kgr', 'QT', NULL, NULL, 't', 't', '2024-08-14 04:53:39.42506+00', '2024-08-14 04:53:52.909205+00', NULL, 1, NULL);
INSERT INTO "public"."equipo_unidadequipo" ("id_unidad", "nombre_unidad", "abreviatura_unidad", "tipo_unidad", "equivalencia_unidad", "equivalencia_tiempo_unidad", "editable", "status_unidad", "created", "modified", "categoria_unidad_id", "id_empresa_id", "simbolo") VALUES (9, 'Peso en Libras', 'Lb', 'QT', NULL, NULL, 't', 't', '2024-08-14 04:54:20.622092+00', '2024-08-14 04:54:20.622123+00', 130, 1, NULL);
INSERT INTO "public"."equipo_unidadequipo" ("id_unidad", "nombre_unidad", "abreviatura_unidad", "tipo_unidad", "equivalencia_unidad", "equivalencia_tiempo_unidad", "editable", "status_unidad", "created", "modified", "categoria_unidad_id", "id_empresa_id", "simbolo") VALUES (10, 'Peso en Toneladas', 'Ton', 'QT', NULL, NULL, 't', 't', '2024-08-14 04:55:10.257878+00', '2024-08-14 04:55:10.25793+00', 130, 1, NULL);
INSERT INTO "public"."equipo_unidadequipo" ("id_unidad", "nombre_unidad", "abreviatura_unidad", "tipo_unidad", "equivalencia_unidad", "equivalencia_tiempo_unidad", "editable", "status_unidad", "created", "modified", "categoria_unidad_id", "id_empresa_id", "simbolo") VALUES (11, 'Peso en gramos', 'gr', 'QT', NULL, NULL, 't', 't', '2024-08-14 04:55:30.264606+00', '2024-08-14 04:55:30.264654+00', 130, 1, NULL);
INSERT INTO "public"."equipo_unidadequipo" ("id_unidad", "nombre_unidad", "abreviatura_unidad", "tipo_unidad", "equivalencia_unidad", "equivalencia_tiempo_unidad", "editable", "status_unidad", "created", "modified", "categoria_unidad_id", "id_empresa_id", "simbolo") VALUES (12, 'Peso en Kilogramo', 'Kgr', 'QT', NULL, NULL, 't', 't', '2024-08-15 05:08:45.613545+00', '2024-08-15 05:08:45.613591+00', 130, 1, NULL);
INSERT INTO "public"."equipo_unidadequipo" ("id_unidad", "nombre_unidad", "abreviatura_unidad", "tipo_unidad", "equivalencia_unidad", "equivalencia_tiempo_unidad", "editable", "status_unidad", "created", "modified", "categoria_unidad_id", "id_empresa_id", "simbolo") VALUES (13, 'Mililitro', 'ml', 'QT', NULL, NULL, 't', 't', '2024-08-27 06:20:11.914467+00', '2024-08-27 06:20:11.91451+00', 152, 1, NULL);
INSERT INTO "public"."equipo_unidadequipo" ("id_unidad", "nombre_unidad", "abreviatura_unidad", "tipo_unidad", "equivalencia_unidad", "equivalencia_tiempo_unidad", "editable", "status_unidad", "created", "modified", "categoria_unidad_id", "id_empresa_id", "simbolo") VALUES (14, 'Metro Cúbico', 'm3', 'QT', NULL, NULL, 't', 't', '2024-08-27 06:20:30.679472+00', '2024-08-27 06:20:30.679511+00', 152, 1, NULL);
INSERT INTO "public"."equipo_unidadequipo" ("id_unidad", "nombre_unidad", "abreviatura_unidad", "tipo_unidad", "equivalencia_unidad", "equivalencia_tiempo_unidad", "editable", "status_unidad", "created", "modified", "categoria_unidad_id", "id_empresa_id", "simbolo") VALUES (15, 'Unidad', 'U', 'QT', NULL, NULL, 't', 't', '2024-09-02 03:49:40.147788+00', '2024-09-02 03:49:40.147829+00', 53, 1, NULL);
INSERT INTO "public"."equipo_unidadequipo" ("id_unidad", "nombre_unidad", "abreviatura_unidad", "tipo_unidad", "equivalencia_unidad", "equivalencia_tiempo_unidad", "editable", "status_unidad", "created", "modified", "categoria_unidad_id", "id_empresa_id", "simbolo") VALUES (16, 'Rollo', 'Rollo', 'QT', NULL, NULL, 't', 't', '2024-10-03 19:11:50.44042+00', '2024-10-03 19:11:50.440462+00', 53, 1, NULL);
SELECT MAX(id_unidad) FROM equipo_unidadequipo;
SELECT setval('public.equipo_unidadequipo_id_unidad_seq', (SELECT MAX(id_unidad) FROM equipo_unidadequipo), false);

/* MARCA */
INSERT INTO "public"."equipo_marca" ("id_marca", "nombre_marca", "descripcion_marca", "status_marca", "created", "modified", "id_empresa_id") VALUES (49, 'Wayne, Dresser Inc.', 'Despachador múltiple de combustible, USA, cumple normas NOM', 't', '2020-05-21 17:57:42.652866+00', '2020-05-21 18:00:28.246873+00', 1);
INSERT INTO "public"."equipo_marca" ("id_marca", "nombre_marca", "descripcion_marca", "status_marca", "created", "modified", "id_empresa_id") VALUES (50, 'Wayne', 'Despachador de múltiple de combustible, USA, cumple normas', 't', '2020-05-21 17:59:27.809367+00', '2020-05-21 17:59:27.809367+00', 1);
INSERT INTO "public"."equipo_marca" ("id_marca", "nombre_marca", "descripcion_marca", "status_marca", "created", "modified", "id_empresa_id") VALUES (51, 'Ingersoll Rand', 'Compresor de aire', 't', '2020-05-21 18:02:02.200098+00', '2020-05-21 18:02:02.200098+00', 1);
INSERT INTO "public"."equipo_marca" ("id_marca", "nombre_marca", "descripcion_marca", "status_marca", "created", "modified", "id_empresa_id") VALUES (52, 'Fairbanks Morse', 'Bombas centrifugas', 't', '2020-05-21 18:03:10.778369+00', '2020-05-21 18:03:10.778369+00', 1);
INSERT INTO "public"."equipo_marca" ("id_marca", "nombre_marca", "descripcion_marca", "status_marca", "created", "modified", "id_empresa_id") VALUES (53, 'Edificio IV', 'Edificio de la Isla de Venta', 't', '2020-05-21 18:04:32.966002+00', '2020-12-03 20:20:35.517776+00', 1);
INSERT INTO "public"."equipo_marca" ("id_marca", "nombre_marca", "descripcion_marca", "status_marca", "created", "modified", "id_empresa_id") VALUES (54, 'General Construcción Tanques', 'Tanques de almacenamiento Combustibles in house', 't', '2020-05-21 18:04:57.028367+00', '2020-12-03 20:18:15.159031+00', 1);
INSERT INTO "public"."equipo_marca" ("id_marca", "nombre_marca", "descripcion_marca", "status_marca", "created", "modified", "id_empresa_id") VALUES (259, 'Sandvik', 'Maquinaria pesada minería subterránea', 't', '2020-09-29 04:04:26.054995+00', '2020-09-29 04:08:22.141817+00', 1);
INSERT INTO "public"."equipo_marca" ("id_marca", "nombre_marca", "descripcion_marca", "status_marca", "created", "modified", "id_empresa_id") VALUES (260, 'Komatsu', 'Maquinaria pesada', 't', '2020-09-29 04:04:52.035578+00', '2020-09-29 04:04:52.035578+00', 1);
INSERT INTO "public"."equipo_marca" ("id_marca", "nombre_marca", "descripcion_marca", "status_marca", "created", "modified", "id_empresa_id") VALUES (261, 'Caterpillar', 'Maquinaria pesada', 't', '2020-09-29 04:05:15.123335+00', '2020-09-29 04:05:15.123335+00', 1);
INSERT INTO "public"."equipo_marca" ("id_marca", "nombre_marca", "descripcion_marca", "status_marca", "created", "modified", "id_empresa_id") VALUES (355, 'Carrier', 'Aires acondicionados', 't', '2020-12-04 16:54:08.080051+00', '2020-12-04 16:54:08.080051+00', 1);
INSERT INTO "public"."equipo_marca" ("id_marca", "nombre_marca", "descripcion_marca", "status_marca", "created", "modified", "id_empresa_id") VALUES (402, 'Restonic', 'Marca camas de descanso', 't', '2021-10-07 04:31:22.784747+00', '2021-10-07 04:31:22.784747+00', 1);
INSERT INTO "public"."equipo_marca" ("id_marca", "nombre_marca", "descripcion_marca", "status_marca", "created", "modified", "id_empresa_id") VALUES (403, 'Sansum', 'Marca de equipos electrodomésticos', 't', '2021-10-07 04:32:27.331564+00', '2021-10-07 04:32:27.331564+00', 1);
INSERT INTO "public"."equipo_marca" ("id_marca", "nombre_marca", "descripcion_marca", "status_marca", "created", "modified", "id_empresa_id") VALUES (457, 'Gates', 'Mangueras de 6 pulg. de diámetro para descarga por gravedad', 't', '2022-05-17 05:02:06.157642+00', '2022-05-17 05:02:06.157687+00', 1);
INSERT INTO "public"."equipo_marca" ("id_marca", "nombre_marca", "descripcion_marca", "status_marca", "created", "modified", "id_empresa_id") VALUES (506, 'Volvo', 'Marca Volvo equipo de transporte de diferentes características', 't', '2022-07-26 18:58:12.138754+00', '2022-07-26 18:58:12.138828+00', 1);
INSERT INTO "public"."equipo_marca" ("id_marca", "nombre_marca", "descripcion_marca", "status_marca", "created", "modified", "id_empresa_id") VALUES (507, 'MAC', 'Tractor camiones de diferentes capacidades', 't', '2022-07-26 18:59:27.267187+00', '2022-07-26 18:59:27.267254+00', 1);
INSERT INTO "public"."equipo_marca" ("id_marca", "nombre_marca", "descripcion_marca", "status_marca", "created", "modified", "id_empresa_id") VALUES (508, 'Frighliner', 'Tracto camiones de diferentes capacidades', 't', '2022-07-26 19:00:48.04092+00', '2022-07-26 19:00:48.041003+00', 1);
INSERT INTO "public"."equipo_marca" ("id_marca", "nombre_marca", "descripcion_marca", "status_marca", "created", "modified", "id_empresa_id") VALUES (509, 'International', 'Tracto camiones de diferentes capacidades', 't', '2022-07-26 19:01:58.18764+00', '2022-07-26 19:01:58.187718+00', 1);
INSERT INTO "public"."equipo_marca" ("id_marca", "nombre_marca", "descripcion_marca", "status_marca", "created", "modified", "id_empresa_id") VALUES (512, 'CFV Gral.', 'Celda Fotovoltaíca típica para producción de energía eléctrica', 't', '2022-08-16 15:36:54.69199+00', '2022-08-16 15:36:54.692055+00', 1);
INSERT INTO "public"."equipo_marca" ("id_marca", "nombre_marca", "descripcion_marca", "status_marca", "created", "modified", "id_empresa_id") VALUES (513, 'IV Gral', 'Inversores de energía continua a alterna, varias capacidades', 't', '2022-08-16 15:54:36.539356+00', '2022-08-16 15:54:36.539402+00', 1);
INSERT INTO "public"."equipo_marca" ("id_marca", "nombre_marca", "descripcion_marca", "status_marca", "created", "modified", "id_empresa_id") VALUES (514, 'CEBT', 'Cable Eléctrico Baja tensión (110 V)', 't', '2022-08-31 11:52:28.765661+00', '2022-08-31 11:52:28.765723+00', 1);
INSERT INTO "public"."equipo_marca" ("id_marca", "nombre_marca", "descripcion_marca", "status_marca", "created", "modified", "id_empresa_id") VALUES (569, 'Personal', 'Identificación de personas en procesos de empaque', 't', '2023-02-06 17:27:44.467935+00', '2023-02-06 17:27:44.467972+00', 1);
INSERT INTO "public"."equipo_marca" ("id_marca", "nombre_marca", "descripcion_marca", "status_marca", "created", "modified", "id_empresa_id") VALUES (602, 'Kenworth', 'Tractocamiones', 't', '2023-07-28 11:34:31.357052+00', '2023-07-28 11:34:31.357077+00', 1);
INSERT INTO "public"."equipo_marca" ("id_marca", "nombre_marca", "descripcion_marca", "status_marca", "created", "modified", "id_empresa_id") VALUES (603, 'Nordberg', 'Equipos de tratamientos de minerales, en varios tipos y tamaños', 't', '2023-08-04 02:53:31.913703+00', '2023-08-04 02:53:31.91373+00', 1);
INSERT INTO "public"."equipo_marca" ("id_marca", "nombre_marca", "descripcion_marca", "status_marca", "created", "modified", "id_empresa_id") VALUES (604, 'Yamaha', 'Diferentes equipos y/o artículos con marca Yamaha, en diferentes modelos', 't', '2023-08-26 20:36:35.761343+00', '2023-08-26 20:36:35.761369+00', 1);
INSERT INTO "public"."equipo_marca" ("id_marca", "nombre_marca", "descripcion_marca", "status_marca", "created", "modified", "id_empresa_id") VALUES (605, 'Club Cap', 'Diferentes equipos y/o artículos con marca Club, en diferentes modelos', 't', '2023-08-26 20:38:05.024287+00', '2023-08-26 20:38:31.600345+00', 1);
INSERT INTO "public"."equipo_marca" ("id_marca", "nombre_marca", "descripcion_marca", "status_marca", "created", "modified", "id_empresa_id") VALUES (1, 'Rancho', 'Terreno dedicado ala producción agricola', 't', '2024-08-13 05:52:20.331592+00', '2024-08-13 05:52:20.331635+00', 1);
INSERT INTO "public"."equipo_marca" ("id_marca", "nombre_marca", "descripcion_marca", "status_marca", "created", "modified", "id_empresa_id") VALUES (2, 'Massey Fergunson', 'Marca de equipos agrícolas Massey Fergunson', 't', '2024-08-13 06:26:26.275315+00', '2024-08-13 06:26:26.275396+00', 1);
INSERT INTO "public"."equipo_marca" ("id_marca", "nombre_marca", "descripcion_marca", "status_marca", "created", "modified", "id_empresa_id") VALUES (3, 'New Holland', 'New Holland', 't', '2024-10-26 17:36:51.702218+00', '2024-10-26 17:36:51.702256+00', 1);
INSERT INTO "public"."equipo_marca" ("id_marca", "nombre_marca", "descripcion_marca", "status_marca", "created", "modified", "id_empresa_id") VALUES (4, 'Cubota', 'Cubota', 't', '2024-10-26 17:37:11.354647+00', '2024-10-26 17:37:11.354709+00', 1);
SELECT MAX(id_marca) FROM equipo_marca;
SELECT setval('equipo_marca_id_marca_seq', (SELECT MAX(id_marca) FROM equipo_marca), false);


/* MODELO */
INSERT INTO "public"."equipo_modelo" ("id_modelo", "nombre_modelo", "descripcion_modelo", "status_modelo", "created", "modified", "id_empresa_id", "id_marca_id") VALUES (33, 'Unico', 'Despachador múltiple', 't', '2020-05-21 18:38:44.012794+00', '2020-05-21 18:38:44.012794+00', 1, 49);
INSERT INTO "public"."equipo_modelo" ("id_modelo", "nombre_modelo", "descripcion_modelo", "status_modelo", "created", "modified", "id_empresa_id", "id_marca_id") VALUES (302, 'D6H', 'Tractor de orugas, capacidad 300 Hp', 't', '2020-09-29 04:06:15.78879+00', '2020-09-29 04:06:15.78879+00', 1, 261);
INSERT INTO "public"."equipo_modelo" ("id_modelo", "nombre_modelo", "descripcion_modelo", "status_modelo", "created", "modified", "id_empresa_id", "id_marca_id") VALUES (303, 'D8R', 'Tractor de orugas, capacidad 450 Hp', 't', '2020-09-29 04:06:49.55335+00', '2020-09-29 04:06:49.55335+00', 1, 261);
INSERT INTO "public"."equipo_modelo" ("id_modelo", "nombre_modelo", "descripcion_modelo", "status_modelo", "created", "modified", "id_empresa_id", "id_marca_id") VALUES (304, '988', 'Cargador frontal, 4.5 m3, potencia 450 Hp', 't', '2020-09-29 04:07:34.228703+00', '2020-09-29 04:07:34.228703+00', 1, 261);
INSERT INTO "public"."equipo_modelo" ("id_modelo", "nombre_modelo", "descripcion_modelo", "status_modelo", "created", "modified", "id_empresa_id", "id_marca_id") VALUES (329, '777', 'Camión capacidad 90 ton', 't', '2020-11-04 22:41:44.991993+00', '2020-11-04 22:41:44.991993+00', 1, 261);
INSERT INTO "public"."equipo_modelo" ("id_modelo", "nombre_modelo", "descripcion_modelo", "status_modelo", "created", "modified", "id_empresa_id", "id_marca_id") VALUES (345, 'TA1', 'Tanque de Almacenamiento de 40000 l', 't', '2020-12-03 20:19:09.304498+00', '2020-12-03 20:19:09.304498+00', 1, 54);
INSERT INTO "public"."equipo_modelo" ("id_modelo", "nombre_modelo", "descripcion_modelo", "status_modelo", "created", "modified", "id_empresa_id", "id_marca_id") VALUES (346, 'ED IV 1', 'Edificio Isla de Venta 2 Dispensarios', 't', '2020-12-03 20:21:39.04316+00', '2020-12-03 20:21:39.04316+00', 1, 53);
INSERT INTO "public"."equipo_modelo" ("id_modelo", "nombre_modelo", "descripcion_modelo", "status_modelo", "created", "modified", "id_empresa_id", "id_marca_id") VALUES (347, 'ED IV 3', 'Edificio Isla de Venta 3 Dispensarios', 't', '2020-12-03 20:22:15.451335+00', '2020-12-03 20:22:15.451335+00', 1, 53);
INSERT INTO "public"."equipo_modelo" ("id_modelo", "nombre_modelo", "descripcion_modelo", "status_modelo", "created", "modified", "id_empresa_id", "id_marca_id") VALUES (348, 'MOD 40000', 'Tanque con capacidad de 40000 l', 't', '2020-12-03 20:25:21.203228+00', '2020-12-03 20:25:21.203228+00', 1, 54);
INSERT INTO "public"."equipo_modelo" ("id_modelo", "nombre_modelo", "descripcion_modelo", "status_modelo", "created", "modified", "id_empresa_id", "id_marca_id") VALUES (349, 'mini split 1 t', 'AA tipo mini split capacidad 1 ton', 't', '2020-12-04 16:55:07.375933+00', '2020-12-04 16:55:07.375933+00', 1, 355);
INSERT INTO "public"."equipo_modelo" ("id_modelo", "nombre_modelo", "descripcion_modelo", "status_modelo", "created", "modified", "id_empresa_id", "id_marca_id") VALUES (350, 'mini split 2 t', 'AA tipo mini split capacidad 2 ton', 't', '2020-12-04 16:55:31.384646+00', '2020-12-04 16:55:31.384646+00', 1, 355);
INSERT INTO "public"."equipo_modelo" ("id_modelo", "nombre_modelo", "descripcion_modelo", "status_modelo", "created", "modified", "id_empresa_id", "id_marca_id") VALUES (351, 'IR 2', 'Bomba centrifuga baja presión', 't', '2020-12-04 16:58:22.106484+00', '2020-12-04 16:58:22.106484+00', 1, 51);
INSERT INTO "public"."equipo_modelo" ("id_modelo", "nombre_modelo", "descripcion_modelo", "status_modelo", "created", "modified", "id_empresa_id", "id_marca_id") VALUES (352, 'PERF U', 'Modelo único de perforación', 't', '2020-12-10 19:04:39.020312+00', '2020-12-10 19:04:39.020312+00', 1, 261);
INSERT INTO "public"."equipo_modelo" ("id_modelo", "nombre_modelo", "descripcion_modelo", "status_modelo", "created", "modified", "id_empresa_id", "id_marca_id") VALUES (353, 'Perf KT', '', 't', '2020-12-10 19:05:15.692231+00', '2020-12-10 19:05:15.692231+00', 1, 260);
INSERT INTO "public"."equipo_modelo" ("id_modelo", "nombre_modelo", "descripcion_modelo", "status_modelo", "created", "modified", "id_empresa_id", "id_marca_id") VALUES (354, 'PERF E', 'Perforadora eléctrica mod unico', 't', '2020-12-10 19:06:08.770358+00', '2020-12-10 19:06:08.770358+00', 1, 259);
INSERT INTO "public"."equipo_modelo" ("id_modelo", "nombre_modelo", "descripcion_modelo", "status_modelo", "created", "modified", "id_empresa_id", "id_marca_id") VALUES (377, 'FB500', 'Bomba centrifuga Fairbanks Morse 500 gpm', 't', '2021-02-08 20:18:30.132992+00', '2021-02-08 20:18:30.132992+00', 1, 52);
INSERT INTO "public"."equipo_modelo" ("id_modelo", "nombre_modelo", "descripcion_modelo", "status_modelo", "created", "modified", "id_empresa_id", "id_marca_id") VALUES (421, 'General', 'General, cubre series 1,2.3', 't', '2021-09-08 20:20:19.658965+00', '2021-09-08 20:20:19.658965+00', 1, 50);
INSERT INTO "public"."equipo_modelo" ("id_modelo", "nombre_modelo", "descripcion_modelo", "status_modelo", "created", "modified", "id_empresa_id", "id_marca_id") VALUES (520, 'DP Genérico', 'Concepto de despachador que agrupa varios modelos', 't', '2022-01-30 05:40:31.686409+00', '2022-01-30 05:40:31.686409+00', 1, 50);
INSERT INTO "public"."equipo_modelo" ("id_modelo", "nombre_modelo", "descripcion_modelo", "status_modelo", "created", "modified", "id_empresa_id", "id_marca_id") VALUES (521, 'Unico', 'fsdfs', 'f', '2022-01-31 21:25:04.706685+00', '2022-01-31 21:26:32.461935+00', 1, 50);
INSERT INTO "public"."equipo_modelo" ("id_modelo", "nombre_modelo", "descripcion_modelo", "status_modelo", "created", "modified", "id_empresa_id", "id_marca_id") VALUES (542, 'BRRD6', 'Modelo bridado, ambos lados, de 6 Pulg de diámetro', 't', '2022-05-17 05:03:22.449538+00', '2022-05-17 05:03:22.449584+00', 1, 457);
INSERT INTO "public"."equipo_modelo" ("id_modelo", "nombre_modelo", "descripcion_modelo", "status_modelo", "created", "modified", "id_empresa_id", "id_marca_id") VALUES (617, '2015 - 2022', 'Modelo que tienen el mismo tipo de refacciones y arreglos.', 't', '2022-07-26 19:19:05.403174+00', '2022-07-26 19:19:05.403224+00', 1, 508);
INSERT INTO "public"."equipo_modelo" ("id_modelo", "nombre_modelo", "descripcion_modelo", "status_modelo", "created", "modified", "id_empresa_id", "id_marca_id") VALUES (618, '2015 - 2022', 'Modelos 2015 al 2022 con las mismas refacciones y arreglos', 't', '2022-07-26 19:20:26.294472+00', '2022-07-26 19:20:26.294518+00', 1, 507);
INSERT INTO "public"."equipo_modelo" ("id_modelo", "nombre_modelo", "descripcion_modelo", "status_modelo", "created", "modified", "id_empresa_id", "id_marca_id") VALUES (619, '2015 - 2022', 'Modelos del 2015 al 2022 que tiene las mismas refacciones y arreglos', 't', '2022-07-26 19:21:53.417714+00', '2022-07-26 19:21:53.417767+00', 1, 506);
INSERT INTO "public"."equipo_modelo" ("id_modelo", "nombre_modelo", "descripcion_modelo", "status_modelo", "created", "modified", "id_empresa_id", "id_marca_id") VALUES (622, 'ST1', 'Modelo ST1 para CFV Gral.', 't', '2022-08-16 15:37:42.05146+00', '2022-08-16 15:37:42.051509+00', 1, 512);
INSERT INTO "public"."equipo_modelo" ("id_modelo", "nombre_modelo", "descripcion_modelo", "status_modelo", "created", "modified", "id_empresa_id", "id_marca_id") VALUES (623, 'IV1', 'Modelo IV1 para inversores de corriente continua a alterna', 't', '2022-08-16 15:56:01.384827+00', '2022-08-16 15:56:01.384898+00', 1, 513);
INSERT INTO "public"."equipo_modelo" ("id_modelo", "nombre_modelo", "descripcion_modelo", "status_modelo", "created", "modified", "id_empresa_id", "id_marca_id") VALUES (624, 'BT Gral', 'Modelo de cable para baja tensión, 110 V,  Aislamiento 2', 't', '2022-08-31 11:55:00.334411+00', '2022-08-31 11:55:00.334534+00', 1, 514);
INSERT INTO "public"."equipo_modelo" ("id_modelo", "nombre_modelo", "descripcion_modelo", "status_modelo", "created", "modified", "id_empresa_id", "id_marca_id") VALUES (719, 'Individual', 'Cada persona', 't', '2023-02-06 17:28:26.503362+00', '2023-02-06 17:28:26.503396+00', 1, 569);
INSERT INTO "public"."equipo_modelo" ("id_modelo", "nombre_modelo", "descripcion_modelo", "status_modelo", "created", "modified", "id_empresa_id", "id_marca_id") VALUES (765, 'T800', 'Tractocamión Kenworth modelo T800', 't', '2023-07-28 11:35:09.330855+00', '2023-07-28 11:35:09.330888+00', 1, 602);
INSERT INTO "public"."equipo_modelo" ("id_modelo", "nombre_modelo", "descripcion_modelo", "status_modelo", "created", "modified", "id_empresa_id", "id_marca_id") VALUES (766, '930', 'Camión Fuera de Carretera', 't', '2023-08-03 04:43:28.60303+00', '2023-08-03 04:43:28.603055+00', 1, 260);
INSERT INTO "public"."equipo_modelo" ("id_modelo", "nombre_modelo", "descripcion_modelo", "status_modelo", "created", "modified", "id_empresa_id", "id_marca_id") VALUES (767, 'Jaw Crushewr', 'Trituradora de Quijadas 60 x 48 pulg.', 't', '2023-08-04 02:54:35.083076+00', '2023-08-04 02:54:35.083103+00', 1, 603);
INSERT INTO "public"."equipo_modelo" ("id_modelo", "nombre_modelo", "descripcion_modelo", "status_modelo", "created", "modified", "id_empresa_id", "id_marca_id") VALUES (768, 'Standard Head 7 ft', 'Trituradora rotastiva cabeza standard, 7 ft. de diámetro', 't', '2023-08-04 02:56:15.076078+00', '2023-08-04 02:56:15.076107+00', 1, 603);
INSERT INTO "public"."equipo_modelo" ("id_modelo", "nombre_modelo", "descripcion_modelo", "status_modelo", "created", "modified", "id_empresa_id", "id_marca_id") VALUES (769, 'Short head 5 ft', 'Trituradora giratoria de 5 ft, cabeza corta', 't', '2023-08-04 02:57:12.618838+00', '2023-08-04 02:57:12.618863+00', 1, 603);
INSERT INTO "public"."equipo_modelo" ("id_modelo", "nombre_modelo", "descripcion_modelo", "status_modelo", "created", "modified", "id_empresa_id", "id_marca_id") VALUES (770, 'Vibration Screen 7 ft x 12 ft.', 'Criba vibratoria de 7 ft w por 12 ft L.', 't', '2023-08-04 02:59:11.682148+00', '2023-08-04 02:59:11.68223+00', 1, 603);
INSERT INTO "public"."equipo_modelo" ("id_modelo", "nombre_modelo", "descripcion_modelo", "status_modelo", "created", "modified", "id_empresa_id", "id_marca_id") VALUES (771, 'Classic 2', 'Carro de Golf modelo Classic 2, con moor eléctrico de 4.0 Kw', 't', '2023-08-27 01:24:10.650655+00', '2023-08-27 01:24:10.650692+00', 1, 604);
INSERT INTO "public"."equipo_modelo" ("id_modelo", "nombre_modelo", "descripcion_modelo", "status_modelo", "created", "modified", "id_empresa_id", "id_marca_id") VALUES (772, 'Ezno', 'Carro de Golf, con motor eléctrico de 6.3 Kw', 't', '2023-08-27 01:24:57.021854+00', '2023-08-27 01:24:57.021888+00', 1, 604);
INSERT INTO "public"."equipo_modelo" ("id_modelo", "nombre_modelo", "descripcion_modelo", "status_modelo", "created", "modified", "id_empresa_id", "id_marca_id") VALUES (773, 'Forester', 'Carro de Golf, con motor eléctrico de 6.3 Kw', 't', '2023-08-27 01:25:20.777433+00', '2023-08-27 01:25:20.777469+00', 1, 604);
INSERT INTO "public"."equipo_modelo" ("id_modelo", "nombre_modelo", "descripcion_modelo", "status_modelo", "created", "modified", "id_empresa_id", "id_marca_id") VALUES (774, 'Classic 4 Pro', 'Carro de Golf, con motor eléctrico de 4.0 Kw', 't', '2023-08-27 01:26:02.906917+00', '2023-08-27 01:26:02.906949+00', 1, 604);
INSERT INTO "public"."equipo_modelo" ("id_modelo", "nombre_modelo", "descripcion_modelo", "status_modelo", "created", "modified", "id_empresa_id", "id_marca_id") VALUES (1, 'Riego', 'Terreno con riego disponible', 't', '2024-08-13 05:53:18.97269+00', '2024-08-13 05:53:18.972719+00', 1, 1);
INSERT INTO "public"."equipo_modelo" ("id_modelo", "nombre_modelo", "descripcion_modelo", "status_modelo", "created", "modified", "id_empresa_id", "id_marca_id") VALUES (2, 'Riego Pozo Prof', 'Terreno con suministro de agua para riego pozo profundo', 't', '2024-08-13 05:54:28.242155+00', '2024-08-13 05:54:28.242188+00', 1, 1);
INSERT INTO "public"."equipo_modelo" ("id_modelo", "nombre_modelo", "descripcion_modelo", "status_modelo", "created", "modified", "id_empresa_id", "id_marca_id") VALUES (3, 'MF-4700', 'Tractor agrícola Modelo MF-4700, Massey Fergunson', 't', '2024-08-13 06:27:38.090382+00', '2024-08-13 06:27:38.090411+00', 1, 2);
INSERT INTO "public"."equipo_modelo" ("id_modelo", "nombre_modelo", "descripcion_modelo", "status_modelo", "created", "modified", "id_empresa_id", "id_marca_id") VALUES (4, 'TD85F', 'Modelo TD85F', 't', '2024-10-26 17:38:18.309155+00', '2024-10-26 17:38:18.309192+00', 1, 3);
INSERT INTO "public"."equipo_modelo" ("id_modelo", "nombre_modelo", "descripcion_modelo", "status_modelo", "created", "modified", "id_empresa_id", "id_marca_id") VALUES (5, 'L3 800', 'Tractor L3 800 capacidad de', 't', '2024-10-26 17:40:24.412766+00', '2024-10-26 17:40:24.412808+00', 1, 4);
SELECT MAX(id_modelo) FROM equipo_modelo;
SELECT setval('equipo_modelo_id_modelo_seq', (SELECT MAX(id_modelo) FROM equipo_modelo), false);


/* SISTEMAS */
INSERT INTO "public"."guia_trabajo_sistema" ("id_sistema", "nombre_sistema", "status_sistema", "created", "modified", "id_empresa_id") VALUES (3, 'MOTRIZ', 't', '2021-07-14 17:07:27.969871+00', '2021-07-14 17:07:27.969907+00', 1);
INSERT INTO "public"."guia_trabajo_sistema" ("id_sistema", "nombre_sistema", "status_sistema", "created", "modified", "id_empresa_id") VALUES (8, 'Genérico', 't', '2021-11-30 00:41:09.097373+00', '2021-11-30 00:41:09.097373+00', 1);
INSERT INTO "public"."guia_trabajo_sistema" ("id_sistema", "nombre_sistema", "status_sistema", "created", "modified", "id_empresa_id") VALUES (54, 'Admisión y Escape de aire', 't', '2023-07-29 09:25:38.636573+00', '2023-07-29 09:25:38.636604+00', 1);
INSERT INTO "public"."guia_trabajo_sistema" ("id_sistema", "nombre_sistema", "status_sistema", "created", "modified", "id_empresa_id") VALUES (55, 'Sistema de enfriamiento', 't', '2023-07-29 09:37:27.379881+00', '2023-07-29 09:37:27.379907+00', 1);
INSERT INTO "public"."guia_trabajo_sistema" ("id_sistema", "nombre_sistema", "status_sistema", "created", "modified", "id_empresa_id") VALUES (58, 'Cabina', 't', '2023-08-03 20:38:10.483088+00', '2023-08-03 20:38:10.483119+00', 1);
INSERT INTO "public"."guia_trabajo_sistema" ("id_sistema", "nombre_sistema", "status_sistema", "created", "modified", "id_empresa_id") VALUES (56, 'Dirección', 't', '2023-07-29 09:44:01.286949+00', '2023-08-29 20:08:41.340111+00', 1);
INSERT INTO "public"."guia_trabajo_sistema" ("id_sistema", "nombre_sistema", "status_sistema", "created", "modified", "id_empresa_id") VALUES (59, 'Suspensión', 't', '2023-08-29 20:09:02.836803+00', '2023-08-29 20:09:02.836851+00', 1);
INSERT INTO "public"."guia_trabajo_sistema" ("id_sistema", "nombre_sistema", "status_sistema", "created", "modified", "id_empresa_id") VALUES (60, 'Frenos', 't', '2023-08-29 20:09:12.248761+00', '2023-08-29 20:09:12.2488+00', 1);
INSERT INTO "public"."guia_trabajo_sistema" ("id_sistema", "nombre_sistema", "status_sistema", "created", "modified", "id_empresa_id") VALUES (57, 'Eléctrico', 't', '2023-08-02 22:59:47.513196+00', '2024-04-05 04:22:44.771852+00', 1);
SELECT MAX(id_sistema) FROM guia_trabajo_sistema;
SELECT setval('guia_trabajo_sistema_id_sistema_seq', (SELECT MAX(id_sistema) FROM guia_trabajo_sistema), false);


/* Elementos */
INSERT INTO "public"."guia_trabajo_elemento" ("id_elemento", "nombre_elemento", "status_elemento", "created", "modified", "id_empresa_id", "id_sistema_id") VALUES (3, 'Motor Combustión Interna a Gasolina', 't', '2021-07-14 17:07:45.24002+00', '2024-04-05 04:19:51.456114+00', 1, 3);
INSERT INTO "public"."guia_trabajo_elemento" ("id_elemento", "nombre_elemento", "status_elemento", "created", "modified", "id_empresa_id", "id_sistema_id") VALUES (138, 'Depuración de aire', 't', '2023-07-29 09:26:03.76436+00', '2023-07-29 09:26:03.764391+00', 1, 54);
INSERT INTO "public"."guia_trabajo_elemento" ("id_elemento", "nombre_elemento", "status_elemento", "created", "modified", "id_empresa_id", "id_sistema_id") VALUES (139, 'Motor Combustión Interna a Diesel', 't', '2023-07-29 09:31:23.344451+00', '2024-04-05 04:19:25.663809+00', 1, 3);
INSERT INTO "public"."guia_trabajo_elemento" ("id_elemento", "nombre_elemento", "status_elemento", "created", "modified", "id_empresa_id", "id_sistema_id") VALUES (140, 'Filtrado de agua', 't', '2023-07-29 09:38:05.494682+00', '2023-07-29 09:38:05.494707+00', 1, 55);
INSERT INTO "public"."guia_trabajo_elemento" ("id_elemento", "nombre_elemento", "status_elemento", "created", "modified", "id_empresa_id", "id_sistema_id") VALUES (141, 'Depósito p Líquido de Dirección Hidráulica', 't', '2023-07-29 09:44:34.942682+00', '2023-08-29 20:12:58.927342+00', 1, 56);
INSERT INTO "public"."guia_trabajo_elemento" ("id_elemento", "nombre_elemento", "status_elemento", "created", "modified", "id_empresa_id", "id_sistema_id") VALUES (142, 'Batería', 't', '2023-08-02 22:59:58.652601+00', '2024-04-05 04:23:24.886331+00', 1, 57);
INSERT INTO "public"."guia_trabajo_elemento" ("id_elemento", "nombre_elemento", "status_elemento", "created", "modified", "id_empresa_id", "id_sistema_id") VALUES (143, 'Puerta', 't', '2023-08-03 20:38:24.005081+00', '2023-08-03 20:38:24.005109+00', 1, 58);
INSERT INTO "public"."guia_trabajo_elemento" ("id_elemento", "nombre_elemento", "status_elemento", "created", "modified", "id_empresa_id", "id_sistema_id") VALUES (144, 'Pedal del Freno', 't', '2023-08-29 20:10:18.932682+00', '2023-08-29 20:10:18.932719+00', 1, 60);
INSERT INTO "public"."guia_trabajo_elemento" ("id_elemento", "nombre_elemento", "status_elemento", "created", "modified", "id_empresa_id", "id_sistema_id") VALUES (145, 'Freno estacionario', 't', '2023-08-29 20:10:47.880524+00', '2023-08-29 20:10:47.880564+00', 1, 60);
INSERT INTO "public"."guia_trabajo_elemento" ("id_elemento", "nombre_elemento", "status_elemento", "created", "modified", "id_empresa_id", "id_sistema_id") VALUES (146, 'Balatas', 't', '2023-08-29 20:11:26.790873+00', '2023-08-29 20:11:26.790914+00', 1, 60);
INSERT INTO "public"."guia_trabajo_elemento" ("id_elemento", "nombre_elemento", "status_elemento", "created", "modified", "id_empresa_id", "id_sistema_id") VALUES (147, 'Volante', 't', '2023-08-29 20:13:16.669221+00', '2023-08-29 20:13:16.669263+00', 1, 56);
INSERT INTO "public"."guia_trabajo_elemento" ("id_elemento", "nombre_elemento", "status_elemento", "created", "modified", "id_empresa_id", "id_sistema_id") VALUES (148, 'Vástago o Columna', 't', '2023-08-29 20:13:48.282038+00', '2023-08-29 20:13:48.282078+00', 1, 56);
INSERT INTO "public"."guia_trabajo_elemento" ("id_elemento", "nombre_elemento", "status_elemento", "created", "modified", "id_empresa_id", "id_sistema_id") VALUES (149, 'Rueda Libres', 't', '2023-08-29 20:14:22.752754+00', '2023-08-29 20:14:22.752807+00', 1, 56);
INSERT INTO "public"."guia_trabajo_elemento" ("id_elemento", "nombre_elemento", "status_elemento", "created", "modified", "id_empresa_id", "id_sistema_id") VALUES (150, 'Amortiguador', 't', '2023-08-29 20:15:28.363019+00', '2023-08-29 20:15:28.36306+00', 1, 59);
INSERT INTO "public"."guia_trabajo_elemento" ("id_elemento", "nombre_elemento", "status_elemento", "created", "modified", "id_empresa_id", "id_sistema_id") VALUES (151, 'Perno Rey', 't', '2023-08-29 20:15:53.026778+00', '2023-08-29 20:15:53.026818+00', 1, 59);
INSERT INTO "public"."guia_trabajo_elemento" ("id_elemento", "nombre_elemento", "status_elemento", "created", "modified", "id_empresa_id", "id_sistema_id") VALUES (152, 'Selector de Dirección', 't', '2023-08-29 20:16:45.365874+00', '2023-08-29 20:16:45.365913+00', 1, 56);
INSERT INTO "public"."guia_trabajo_elemento" ("id_elemento", "nombre_elemento", "status_elemento", "created", "modified", "id_empresa_id", "id_sistema_id") VALUES (153, 'Motor eléctrico', 't', '2024-04-05 04:20:12.934072+00', '2024-04-05 04:20:12.9341+00', 1, 3);
INSERT INTO "public"."guia_trabajo_elemento" ("id_elemento", "nombre_elemento", "status_elemento", "created", "modified", "id_empresa_id", "id_sistema_id") VALUES (154, 'Transmisión', 't', '2024-04-05 04:20:49.51738+00', '2024-04-05 04:20:49.517417+00', 1, 3);
INSERT INTO "public"."guia_trabajo_elemento" ("id_elemento", "nombre_elemento", "status_elemento", "created", "modified", "id_empresa_id", "id_sistema_id") VALUES (155, 'Diferencial', 't', '2024-04-05 04:21:00.871263+00', '2024-04-05 04:21:00.8713+00', 1, 3);
INSERT INTO "public"."guia_trabajo_elemento" ("id_elemento", "nombre_elemento", "status_elemento", "created", "modified", "id_empresa_id", "id_sistema_id") VALUES (156, 'mandos finales', 't', '2024-04-05 04:21:13.033273+00', '2024-04-05 04:21:13.033383+00', 1, 3);
INSERT INTO "public"."guia_trabajo_elemento" ("id_elemento", "nombre_elemento", "status_elemento", "created", "modified", "id_empresa_id", "id_sistema_id") VALUES (157, 'Alternador', 't', '2024-04-05 04:23:37.175652+00', '2024-04-05 04:23:39.649631+00', 1, 57);
INSERT INTO "public"."guia_trabajo_elemento" ("id_elemento", "nombre_elemento", "status_elemento", "created", "modified", "id_empresa_id", "id_sistema_id") VALUES (158, 'Sensor de corriente', 't', '2024-04-05 04:24:06.376512+00', '2024-04-05 04:24:07.991734+00', 1, 57);
INSERT INTO "public"."guia_trabajo_elemento" ("id_elemento", "nombre_elemento", "status_elemento", "created", "modified", "id_empresa_id", "id_sistema_id") VALUES (159, 'Unidad de control C/ Opción de softwarew', 't', '2024-04-05 04:24:51.831488+00', '2024-04-05 04:24:51.831525+00', 1, 57);
INSERT INTO "public"."guia_trabajo_elemento" ("id_elemento", "nombre_elemento", "status_elemento", "created", "modified", "id_empresa_id", "id_sistema_id") VALUES (160, 'Motor de arranque', 't', '2024-04-05 04:25:18.238292+00', '2024-04-05 04:25:20.984257+00', 1, 57);
INSERT INTO "public"."guia_trabajo_elemento" ("id_elemento", "nombre_elemento", "status_elemento", "created", "modified", "id_empresa_id", "id_sistema_id") VALUES (161, 'Bujías', 't', '2024-04-05 04:25:30.655699+00', '2024-04-05 04:25:32.796172+00', 1, 57);
INSERT INTO "public"."guia_trabajo_elemento" ("id_elemento", "nombre_elemento", "status_elemento", "created", "modified", "id_empresa_id", "id_sistema_id") VALUES (162, 'Distribuido', 't', '2024-04-05 04:25:46.900595+00', '2024-04-05 04:25:59.042551+00', 1, 57);
INSERT INTO "public"."guia_trabajo_elemento" ("id_elemento", "nombre_elemento", "status_elemento", "created", "modified", "id_empresa_id", "id_sistema_id") VALUES (163, 'Cables', 't', '2024-04-05 04:26:09.512705+00', '2024-04-05 04:26:09.512731+00', 1, 57);
SELECT MAX(id_elemento) FROM guia_trabajo_elemento;
SELECT setval('guia_trabajo_elemento_id_elemento_seq', (SELECT MAX(id_elemento) FROM guia_trabajo_elemento), false);

/* Grupos de Equipo */
INSERT INTO "public"."equipo_grupoequipo" ("id_grupo_equipo", "nombre_grupo_equipo", "descripcion_grupo_equipo", "status_grupo_equipo", "created", "modified", "id_empresa_id") VALUES (27, 'Perforadoras', 'Perforadoras de roca', 't', '2021-02-15 18:42:26.604177+00', '2021-02-15 18:42:26.604177+00', 1);
INSERT INTO "public"."equipo_grupoequipo" ("id_grupo_equipo", "nombre_grupo_equipo", "descripcion_grupo_equipo", "status_grupo_equipo", "created", "modified", "id_empresa_id") VALUES (28, 'Bulldozer', 'Tractores para corte y movimiento de Tierra', 't', '2021-02-15 18:43:16.458937+00', '2021-02-15 18:43:16.458937+00', 1);
INSERT INTO "public"."equipo_grupoequipo" ("id_grupo_equipo", "nombre_grupo_equipo", "descripcion_grupo_equipo", "status_grupo_equipo", "created", "modified", "id_empresa_id") VALUES (29, 'Camiones', 'Camiones de transporte material a granel', 't', '2021-02-15 18:43:45.089849+00', '2021-02-15 18:43:45.089849+00', 1);
INSERT INTO "public"."equipo_grupoequipo" ("id_grupo_equipo", "nombre_grupo_equipo", "descripcion_grupo_equipo", "status_grupo_equipo", "created", "modified", "id_empresa_id") VALUES (30, 'Bombas centrífugas', 'Equipo de bombeo líquidos', 't', '2021-02-15 18:44:23.339814+00', '2021-02-15 18:44:23.339814+00', 1);
INSERT INTO "public"."equipo_grupoequipo" ("id_grupo_equipo", "nombre_grupo_equipo", "descripcion_grupo_equipo", "status_grupo_equipo", "created", "modified", "id_empresa_id") VALUES (31, 'Tanques de almacenamiento', 'Tanque para almacenamiento de fluidos', 't', '2021-02-15 18:45:11.778271+00', '2021-02-15 18:45:11.778271+00', 1);
INSERT INTO "public"."equipo_grupoequipo" ("id_grupo_equipo", "nombre_grupo_equipo", "descripcion_grupo_equipo", "status_grupo_equipo", "created", "modified", "id_empresa_id") VALUES (32, 'mangueras de conducción de fluidos', 'Mangueras de conducción de fluídos', 't', '2021-02-15 18:45:43.986266+00', '2021-02-15 18:45:43.986266+00', 1);
INSERT INTO "public"."equipo_grupoequipo" ("id_grupo_equipo", "nombre_grupo_equipo", "descripcion_grupo_equipo", "status_grupo_equipo", "created", "modified", "id_empresa_id") VALUES (42, 'Aires acondicionados', 'Aires acondicionados', 't', '2021-10-07 04:33:09.779726+00', '2021-10-07 04:33:09.779726+00', 1);
INSERT INTO "public"."equipo_grupoequipo" ("id_grupo_equipo", "nombre_grupo_equipo", "descripcion_grupo_equipo", "status_grupo_equipo", "created", "modified", "id_empresa_id") VALUES (44, 'Cafeteras', 'Cafeteras', 't', '2021-10-07 04:33:57.869547+00', '2021-10-07 04:33:57.869547+00', 1);
INSERT INTO "public"."equipo_grupoequipo" ("id_grupo_equipo", "nombre_grupo_equipo", "descripcion_grupo_equipo", "status_grupo_equipo", "created", "modified", "id_empresa_id") VALUES (53, 'Dispensarios de combustible', 'Despachador de combustible, puede ser por ambos lados y 1,2 o 3 mangueras', 't', '2021-11-05 19:29:02.124553+00', '2021-11-05 19:29:02.124553+00', 1);
INSERT INTO "public"."equipo_grupoequipo" ("id_grupo_equipo", "nombre_grupo_equipo", "descripcion_grupo_equipo", "status_grupo_equipo", "created", "modified", "id_empresa_id") VALUES (56, 'Servibar', 'Refrigeradores tipo servibar, capacidad', 't', '2021-11-30 05:39:49.411881+00', '2021-11-30 05:39:49.411881+00', 1);
INSERT INTO "public"."equipo_grupoequipo" ("id_grupo_equipo", "nombre_grupo_equipo", "descripcion_grupo_equipo", "status_grupo_equipo", "created", "modified", "id_empresa_id") VALUES (59, 'despachador de combustibles', 'Equipo dosificador de combustibles con tres mangueras por lado', 't', '2021-11-30 17:45:32.506412+00', '2021-11-30 17:45:32.506412+00', 1);
INSERT INTO "public"."equipo_grupoequipo" ("id_grupo_equipo", "nombre_grupo_equipo", "descripcion_grupo_equipo", "status_grupo_equipo", "created", "modified", "id_empresa_id") VALUES (133, 'Tractocamiones', 'Tractocamiones carga caja cerrada', 't', '2022-07-26 19:04:13.220904+00', '2022-07-26 19:04:13.220978+00', 1);
INSERT INTO "public"."equipo_grupoequipo" ("id_grupo_equipo", "nombre_grupo_equipo", "descripcion_grupo_equipo", "status_grupo_equipo", "created", "modified", "id_empresa_id") VALUES (135, 'Celdas Fotovoltaícas', 'Grupo de celdas foto voltaícas para la producción de energía eléctrica', 't', '2022-08-16 15:39:45.245772+00', '2022-08-16 15:39:45.245844+00', 1);
INSERT INTO "public"."equipo_grupoequipo" ("id_grupo_equipo", "nombre_grupo_equipo", "descripcion_grupo_equipo", "status_grupo_equipo", "created", "modified", "id_empresa_id") VALUES (136, 'Inverter', 'Inversores de corriente continua a alterna, varias capacidades', 't', '2022-08-16 15:58:44.992856+00', '2022-08-16 15:58:44.992892+00', 1);
INSERT INTO "public"."equipo_grupoequipo" ("id_grupo_equipo", "nombre_grupo_equipo", "descripcion_grupo_equipo", "status_grupo_equipo", "created", "modified", "id_empresa_id") VALUES (137, 'Lineas de Conducción Eléctrica', 'Lineas de conducción eléctricas', 't', '2022-08-31 11:55:54.910486+00', '2022-08-31 11:55:54.910537+00', 1);
INSERT INTO "public"."equipo_grupoequipo" ("id_grupo_equipo", "nombre_grupo_equipo", "descripcion_grupo_equipo", "status_grupo_equipo", "created", "modified", "id_empresa_id") VALUES (138, 'Cables Eléctricos', 'Cables para conducción de lectricidad', 't', '2022-08-31 11:58:22.803599+00', '2022-08-31 11:58:22.803674+00', 1);
INSERT INTO "public"."equipo_grupoequipo" ("id_grupo_equipo", "nombre_grupo_equipo", "descripcion_grupo_equipo", "status_grupo_equipo", "created", "modified", "id_empresa_id") VALUES (154, 'Centro Carga BT', 'Centro de carga en baja tensión', 't', '2022-10-11 05:02:47.502825+00', '2022-10-11 05:02:47.502893+00', 1);
INSERT INTO "public"."equipo_grupoequipo" ("id_grupo_equipo", "nombre_grupo_equipo", "descripcion_grupo_equipo", "status_grupo_equipo", "created", "modified", "id_empresa_id") VALUES (155, 'Centro Carga AT', 'Centro de carga en alta tensión', 't', '2022-10-11 05:03:37.299462+00', '2022-10-11 05:03:37.299505+00', 1);
INSERT INTO "public"."equipo_grupoequipo" ("id_grupo_equipo", "nombre_grupo_equipo", "descripcion_grupo_equipo", "status_grupo_equipo", "created", "modified", "id_empresa_id") VALUES (156, 'Transformadores', 'Transformadores en diferentes tensiones', 't', '2022-10-11 05:04:31.868906+00', '2022-10-11 05:04:31.868985+00', 1);
INSERT INTO "public"."equipo_grupoequipo" ("id_grupo_equipo", "nombre_grupo_equipo", "descripcion_grupo_equipo", "status_grupo_equipo", "created", "modified", "id_empresa_id") VALUES (168, 'Mobiliario Hotel', 'Diferentes tipos de muebles de habitación utilizados en Hotelería', 't', '2022-11-29 20:12:18.106977+00', '2022-11-29 20:12:18.107025+00', 1);
INSERT INTO "public"."equipo_grupoequipo" ("id_grupo_equipo", "nombre_grupo_equipo", "descripcion_grupo_equipo", "status_grupo_equipo", "created", "modified", "id_empresa_id") VALUES (43, 'Televisores', 'Diferentes tipos de Televisores, tamaños, marcas y usos', 't', '2021-10-07 04:33:39.461353+00', '2022-11-29 20:13:48.887638+00', 1);
INSERT INTO "public"."equipo_grupoequipo" ("id_grupo_equipo", "nombre_grupo_equipo", "descripcion_grupo_equipo", "status_grupo_equipo", "created", "modified", "id_empresa_id") VALUES (169, 'Teléfonos', 'Diferentes tipos de teléfonos, marcas y tipos', 't', '2022-11-29 20:14:52.004813+00', '2022-11-29 20:14:52.004875+00', 1);
INSERT INTO "public"."equipo_grupoequipo" ("id_grupo_equipo", "nombre_grupo_equipo", "descripcion_grupo_equipo", "status_grupo_equipo", "created", "modified", "id_empresa_id") VALUES (170, 'Room', 'Diferentes tipos de habitaciones, categorías , tamaños. clasificaciones', 't', '2022-11-29 20:16:06.52379+00', '2022-11-29 20:16:06.523841+00', 1);
INSERT INTO "public"."equipo_grupoequipo" ("id_grupo_equipo", "nombre_grupo_equipo", "descripcion_grupo_equipo", "status_grupo_equipo", "created", "modified", "id_empresa_id") VALUES (171, 'WC', 'Diferentes tipos de WC (Inodoros) , marcas, tamaños, estilos', 't', '2022-11-29 20:17:27.008479+00', '2022-11-29 20:17:27.008563+00', 1);
INSERT INTO "public"."equipo_grupoequipo" ("id_grupo_equipo", "nombre_grupo_equipo", "descripcion_grupo_equipo", "status_grupo_equipo", "created", "modified", "id_empresa_id") VALUES (172, 'Bath', 'Diferentes tipos de Baños, tipos, tamaños, arreglos y partes', 't', '2022-11-29 20:19:19.488481+00', '2022-11-29 20:19:19.488565+00', 1);
INSERT INTO "public"."equipo_grupoequipo" ("id_grupo_equipo", "nombre_grupo_equipo", "descripcion_grupo_equipo", "status_grupo_equipo", "created", "modified", "id_empresa_id") VALUES (180, 'Empaque MiCoca', 'Personal dedicado al empaque diferentes productos en mi Coca', 't', '2023-02-06 18:10:19.347404+00', '2023-02-14 05:23:21.388802+00', 1);
INSERT INTO "public"."equipo_grupoequipo" ("id_grupo_equipo", "nombre_grupo_equipo", "descripcion_grupo_equipo", "status_grupo_equipo", "created", "modified", "id_empresa_id") VALUES (181, 'Empaque Golden', 'Empaque de diferentes productos de Golden Products', 't', '2023-02-14 05:24:04.279965+00', '2023-02-14 05:24:04.279997+00', 1);
INSERT INTO "public"."equipo_grupoequipo" ("id_grupo_equipo", "nombre_grupo_equipo", "descripcion_grupo_equipo", "status_grupo_equipo", "created", "modified", "id_empresa_id") VALUES (252, 'Camiones fuera de carretera', 'Camiones operación fuera de carretera, extracción minera y derivados', 't', '2023-08-02 18:31:01.126354+00', '2023-08-02 18:31:01.126383+00', 1);
INSERT INTO "public"."equipo_grupoequipo" ("id_grupo_equipo", "nombre_grupo_equipo", "descripcion_grupo_equipo", "status_grupo_equipo", "created", "modified", "id_empresa_id") VALUES (253, 'Cargadores Frontales', 'Cargadores Frontales frontales de diferentes capacidades', 't', '2023-08-03 03:13:09.641373+00', '2023-08-03 03:13:09.641402+00', 1);
INSERT INTO "public"."equipo_grupoequipo" ("id_grupo_equipo", "nombre_grupo_equipo", "descripcion_grupo_equipo", "status_grupo_equipo", "created", "modified", "id_empresa_id") VALUES (254, 'Trituración', 'Equipo de trituración diferentes tamaños', 't', '2023-08-04 03:01:16.520913+00', '2023-08-04 03:01:16.52095+00', 1);
INSERT INTO "public"."equipo_grupoequipo" ("id_grupo_equipo", "nombre_grupo_equipo", "descripcion_grupo_equipo", "status_grupo_equipo", "created", "modified", "id_empresa_id") VALUES (255, 'Cribado', 'Equipo de cribado diferentes tamaños', 't', '2023-08-04 03:01:42.306326+00', '2023-08-04 03:01:42.306369+00', 1);
INSERT INTO "public"."equipo_grupoequipo" ("id_grupo_equipo", "nombre_grupo_equipo", "descripcion_grupo_equipo", "status_grupo_equipo", "created", "modified", "id_empresa_id") VALUES (256, 'Carros Golf', 'Grupo de Carros de Golf de diferentes marcas y Modelos, así como propulsion', 't', '2023-08-26 20:20:35.230436+00', '2023-08-26 20:20:35.230474+00', 1);
INSERT INTO "public"."equipo_grupoequipo" ("id_grupo_equipo", "nombre_grupo_equipo", "descripcion_grupo_equipo", "status_grupo_equipo", "created", "modified", "id_empresa_id") VALUES (278, 'Rayos X', 'Diferentes equipos en Marcas y Modelos para la toma de radiografías', 't', '2024-06-06 19:07:10.607138+00', '2024-06-06 19:07:10.607178+00', 1);
INSERT INTO "public"."equipo_grupoequipo" ("id_grupo_equipo", "nombre_grupo_equipo", "descripcion_grupo_equipo", "status_grupo_equipo", "created", "modified", "id_empresa_id") VALUES (279, 'Ultrasónido', 'Equipo para el diagnóstico vía ultrasónido, en diferentes marcas y Modelos', 't', '2024-06-06 19:08:02.786978+00', '2024-06-06 19:08:02.787025+00', 1);
INSERT INTO "public"."equipo_grupoequipo" ("id_grupo_equipo", "nombre_grupo_equipo", "descripcion_grupo_equipo", "status_grupo_equipo", "created", "modified", "id_empresa_id") VALUES (280, 'TAC', 'Equipo de diagnóstico vía Tomografía Axial Computarizada', 't', '2024-06-06 19:08:45.085957+00', '2024-06-06 19:08:45.085996+00', 1);
INSERT INTO "public"."equipo_grupoequipo" ("id_grupo_equipo", "nombre_grupo_equipo", "descripcion_grupo_equipo", "status_grupo_equipo", "created", "modified", "id_empresa_id") VALUES (281, 'Fluroscopía', 'Equipo para diagnóstico vía Fluoroscopía, diferentes marcas y Modelos', 't', '2024-06-06 19:10:47.259033+00', '2024-06-06 19:10:47.25907+00', 1);
INSERT INTO "public"."equipo_grupoequipo" ("id_grupo_equipo", "nombre_grupo_equipo", "descripcion_grupo_equipo", "status_grupo_equipo", "created", "modified", "id_empresa_id") VALUES (1, 'Areas Productivas', 'Areas Productivas del Rancho La Tropicana', 't', '2024-08-13 06:56:36.691605+00', '2024-08-13 06:56:36.691634+00', 1);
INSERT INTO "public"."equipo_grupoequipo" ("id_grupo_equipo", "nombre_grupo_equipo", "descripcion_grupo_equipo", "status_grupo_equipo", "created", "modified", "id_empresa_id") VALUES (2, 'Tractores Agricolas', 'Tractores Agricolas de diferentes, marcas, Miodelos y Capacidades', 't', '2024-10-26 17:34:49.705905+00', '2024-10-26 17:34:49.705933+00', 1);
INSERT INTO "public"."equipo_grupoequipo" ("id_grupo_equipo", "nombre_grupo_equipo", "descripcion_grupo_equipo", "status_grupo_equipo", "created", "modified", "id_empresa_id") VALUES (3, 'Aspersoras', 'Aspersoras de diferentes Marcas, Modelos y Capacidades', 't', '2024-10-26 17:35:21.888038+00', '2024-10-26 17:35:21.888145+00', 1);
SELECT MAX(id_grupo_equipo) FROM equipo_grupoequipo;
SELECT setval('equipo_grupoequipo_id_grupo_equipo_seq', (SELECT MAX(id_grupo_equipo) FROM equipo_grupoequipo), false);
